keyword,sentiment_mean,sentiment_std,subjectivity_mean,subjectivity_std,counting
'tsunami damages',-0.2597574862519789,0.7936421743743219,0.012829444788322767,0.929312605893211,15.0
'tsunami deaths',-0.06912180854429877,0.7226835371032098,0.09777779471397524,0.6888633928607639,17.0
'tsunami warning system',0.08815312692693959,0.6241544350806353,0.22396794475548115,0.7062031750114521,16.0
'tsunami warning',0.011827095334137002,0.8033593191529492,0.1069221224101982,0.7459485246286468,58.0
'tsunami',0.038603679298412755,0.7921356643289671,0.1089169051311884,0.8273984684107696,191.0
veryUnusualAndNeverUsedKeyword,-0.14428143477561378,1.0,-1.1119726239878132,1.0,1.0
