keyword,sentiment_mean,sentiment_std,subjectivity_mean,subjectivity_std,counting
'tsunami damages',-0.21146871525302932,0.6740110235495315,0.07901770262693826,0.8374185934389814,20.0
'tsunami deaths',-0.1579654575589128,0.6959280426085003,-0.004581646543784796,0.6583640145546676,19.0
'tsunami warning system',0.1198759633314178,0.6711165935187065,0.29473703691173486,0.7499461624718061,22.0
'tsunami warning',-0.006244898341634308,0.7778376475157597,0.08675508223397538,0.7551474050100417,62.0
'tsunami',0.049316029791644234,0.8150470055936873,0.10330448737105344,0.8339818040124864,226.0
veryUnusualAndNeverUsedKeyword,-0.14428143477561378,1.0,-1.1119726239878132,1.0,1.0
