keyword,sentiment_mean,sentiment_std,subjectivity_mean,subjectivity_std,counting
'tsunami damages',-0.17776659659032493,0.7029581985411286,-0.20759547573017958,0.7859848540091046,12.0
'tsunami deaths',-0.1186342058549632,0.7370117563302142,0.04613293812106212,0.7430572523113431,14.0
'tsunami warning system',0.07452233113570693,0.6635263589431812,0.20443389232760817,0.7502286140533498,14.0
'tsunami warning',0.015411815318278298,0.7877114771403922,0.1665685661892175,0.7404888836409077,53.0
'tsunami',0.03344123133967943,0.8108203295448231,0.10537177046708227,0.8377962259793179,156.0
veryUnusualAndNeverUsedKeyword,-0.14428143477561378,1.0,-1.1119726239878132,1.0,1.0
