topic,sentiment_mean,sentiment_std,subjectivity_mean,subjectivity_std,counting
Adaptation,0.10104121221757853,0.6974760906454677,0.002858236872129512,0.843884500927929,37.0
Hazard,0.030198365026626078,0.8647525700846938,0.1039510782482917,0.8502858672227763,391.0
Impacts,-0.2045366854360337,0.8210131953242511,-0.025423349672667198,0.7888222349224695,64.0
Mitigation,0.03945039248801371,0.7921446083585443,0.02572583488476747,0.8928923547635189,115.0
