topic,sentiment_mean,sentiment_std,subjectivity_mean,subjectivity_std,counting
Adaptation,0.07747803250524699,0.6656829593403034,0.20260838707985723,0.7543583039683985,14.0
Hazard,0.03710842651169778,0.7984023668640022,0.10424099433200228,0.8253632296518002,162.0
Impacts,-0.1871744088142352,0.7489184677415314,0.015034300720716919,0.8327992385608315,27.0
Mitigation,0.022836686485303893,0.7846984137334713,0.14802079556070816,0.7345525953189884,53.0
