topic,sentiment_mean,sentiment_std,subjectivity_mean,subjectivity_std,counting
Adaptation,0.10888016946041632,0.6823479857736231,0.05731257258003981,0.8373031271920979,28.0
Hazard,0.038301453395665035,0.8620137907544991,0.09722611647346874,0.8492790768931191,340.0
Impacts,-0.19594720619764405,0.8152377906109217,0.009722858457623329,0.7773211193859089,54.0
Mitigation,0.012185419459137063,0.7774919833724939,0.027860577157192565,0.8790456205244713,103.0
