keyword,sentiment_mean,sentiment_std,subjectivity_mean,subjectivity_std,counting
'tsunami damages',-0.23066356241134037,0.8265188028736706,0.020252791990013758,0.9281545023230133,25.0
'tsunami deaths',-0.12127013814567354,0.7534469073881984,0.06525233502170762,0.5937915916233898,25.0
'tsunami warning system',0.09679863993233297,0.6696965430786791,0.05128079069505683,0.8236556852875276,28.0
'tsunami warning',0.027528034769013845,0.7925091105430514,0.0543200847116799,0.867664347660269,99.0
'tsunami',0.032029686351368,0.8554177462877844,0.09256461376830812,0.8468600002888085,323.0
veryUnusualAndNeverUsedKeyword,-0.14428143477561378,1.0,-1.1119726239878132,1.0,1.0
