topic,sentiment_mean,sentiment_std,subjectivity_mean,subjectivity_std,counting
Adaptation,0.08815312692693959,0.6241544350806353,0.22396794475548115,0.7062031750114521,16.0
Hazard,0.038603679298412755,0.7921356643289671,0.1089169051311884,0.8273984684107696,191.0
Impacts,-0.15848228246977386,0.7505717076198044,0.057958255686325656,0.7979961906143432,32.0
Mitigation,0.011827095334137002,0.8033593191529492,0.1069221224101982,0.7459485246286468,58.0
