topic,sentiment_mean,sentiment_std,subjectivity_mean,subjectivity_std,counting
Adaptation,-0.16140275744074786,0.6779250941874698,0.3160865896582074,0.7750763238783102,9.0
Hazard,0.06436481815571622,0.8055164936141569,0.12381139514602797,0.8349048968271156,128.0
Impacts,-0.1469881173046602,0.7078469182234858,-0.22334202828438396,0.7194703646070012,19.0
Mitigation,-0.029753592898659764,0.7587983164982326,0.1477860077718314,0.7117038789519067,48.0
