keyword,sentiment_mean,sentiment_std,subjectivity_mean,subjectivity_std,counting
'tsunami damages',-0.17776659659032493,0.7029581985411286,-0.20759547573017958,0.7859848540091046,12.0
'tsunami deaths',-0.1099703706488957,0.7579292073906079,-0.010796186377213583,0.8115375118991801,13.0
'tsunami warning system',-0.003411155696182602,0.6203543082963325,0.2038778806927471,0.7808596965508912,13.0
'tsunami warning',0.005204852044128845,0.7878780417622033,0.14821962886289977,0.7415618591660402,52.0
'tsunami',0.043597226339218684,0.8232897653943123,0.10371866501057542,0.8401959369906373,146.0
veryUnusualAndNeverUsedKeyword,-0.14428143477561378,1.0,-1.1119726239878132,1.0,1.0
