topic,sentiment_mean,sentiment_std,subjectivity_mean,subjectivity_std,counting
Adaptation,0.07069666872206891,0.6420056006947731,0.20556580773917987,0.7270080855671327,15.0
Hazard,0.04273848790137896,0.7917359848849796,0.10811354241687375,0.8257534231993148,184.0
Impacts,-0.19394699871253127,0.7468997430692612,0.02672842994057554,0.8010033421668145,32.0
Mitigation,0.01917330320951519,0.8066190547842963,0.10892302352897208,0.7501658605702302,56.0
