keyword,sentiment_mean,sentiment_std,subjectivity_mean,subjectivity_std,counting
'tsunami damages',-0.19976041356657245,0.7554859336530051,-0.035382704542330196,0.8759571403031243,29.0
'tsunami deaths',-0.1321597687460418,0.8120444966056307,0.030247368034421802,0.612819179118032,28.0
'tsunami warning system',0.0815519839041092,0.6929114390210055,0.09733188995997046,0.8207677253236011,31.0
'tsunami warning',0.010785810676799696,0.7795957898350938,0.03324144545664278,0.874338577823389,105.0
'tsunami',0.0366883024278837,0.8576611891741599,0.10173104873288859,0.847053927092527,358.0
veryUnusualAndNeverUsedKeyword,-0.14428143477561378,1.0,-1.1119726239878132,1.0,1.0
