keyword,sentiment_mean,sentiment_std,subjectivity_mean,subjectivity_std,counting
'tsunami damages',-0.17776659659032493,0.7029581985411286,-0.20759547573017958,0.7859848540091046,12.0
'tsunami deaths',-0.11642125265899136,0.7670577440855879,0.012751888739099198,0.7623943342870105,13.0
'tsunami warning system',-0.003411155696182602,0.6203543082963325,0.2038778806927471,0.7808596965508912,13.0
'tsunami warning',0.014682760227927825,0.7962415064649497,0.15864131203226112,0.7442623407592958,52.0
'tsunami',0.03860777198049209,0.8106034849891244,0.10636823088972168,0.8340648323401214,156.0
veryUnusualAndNeverUsedKeyword,-0.14428143477561378,1.0,-1.1119726239878132,1.0,1.0
