keyword,sentiment_mean,sentiment_std,subjectivity_mean,subjectivity_std,counting
'tsunami damages',-0.2791560070194227,0.7968226709383105,-0.002997226802703495,0.9378983449218485,14.0
'tsunami deaths',-0.12971626815284562,0.7185157663031484,0.03749688344429264,0.6958986540352239,17.0
'tsunami warning system',0.07069666872206891,0.6420056006947731,0.20556580773917987,0.7270080855671327,15.0
'tsunami warning',0.019462109843307644,0.7865322607438066,0.1582770906324994,0.7377021539355849,54.0
'tsunami',0.04535489474689661,0.8016113694511485,0.09331583346684855,0.8316053505129689,168.0
veryUnusualAndNeverUsedKeyword,-0.14428143477561378,1.0,-1.1119726239878132,1.0,1.0
