topic,sentiment_mean,sentiment_std,subjectivity_mean,subjectivity_std,counting
Adaptation,0.1198759633314178,0.6711165935187065,0.29473703691173486,0.7499461624718061,22.0
Hazard,0.04953717790730183,0.8141120697224137,0.10376773619334516,0.8331301558135213,225.0
Impacts,-0.18540302560717772,0.6762338324258921,0.03828981456940652,0.746821365463638,39.0
Mitigation,-0.006244898341634308,0.7778376475157597,0.08675508223397538,0.7551474050100417,62.0
