keyword,sentiment_mean,sentiment_std,subjectivity_mean,subjectivity_std,counting
'tsunami damages',-0.26342777288757285,0.7952019644571231,0.021805233093156427,0.9205796720333208,15.0
'tsunami deaths',-0.13264043326396516,0.7204374377806033,0.0310724271588865,0.7081920449228359,17.0
'tsunami warning system',0.07069666872206891,0.6420056006947731,0.20556580773917987,0.7270080855671327,15.0
'tsunami warning',0.01917330320951519,0.8066190547842963,0.10892302352897208,0.7501658605702302,56.0
'tsunami',0.04273848790137896,0.7917359848849796,0.10811354241687375,0.8257534231993148,184.0
veryUnusualAndNeverUsedKeyword,-0.14428143477561378,1.0,-1.1119726239878132,1.0,1.0
