keyword,sentiment_mean,sentiment_std,subjectivity_mean,subjectivity_std,counting
'tsunami damages',0.0999966404199194,0.4831722920653139,-0.08507537712814009,0.5829450261266633,5.0
'tsunami deaths',-0.4199824755559354,0.8980543882770603,-0.2897187166537191,0.853843070522456,6.0
'tsunami warning system',-0.32876623815876643,0.7325062369134543,0.2270393552405571,0.9503036883945065,6.0
'tsunami warning',-0.0663783721333293,0.7494615519999628,0.16911076402847544,0.7586732662164486,48.0
'tsunami',0.08771597862635194,0.7882258597944954,0.11608462842910085,0.8133949218178603,114.0
veryUnusualAndNeverUsedKeyword,0.030283946174551688,1.0,-1.0973582582843735,1.0,1.0
