keyword,sentiment_mean,sentiment_std,subjectivity_mean,subjectivity_std,counting
'tsunami damages',-0.2392355177254037,0.8414344600757566,-0.0009657017328013503,0.9239409103899084,27.0
'tsunami deaths',-0.10239488450318904,0.7571601699818139,0.024904610907390153,0.616137949331296,26.0
'tsunami warning system',0.11731588814013798,0.6890702413294326,0.05809620516148184,0.8370402508662649,28.0
'tsunami warning',0.01862186844281455,0.7830216343959359,0.03153253508526519,0.8756781848456944,103.0
'tsunami',0.032101319152534495,0.8606811536739681,0.09817392407318484,0.8465352730134293,333.0
veryUnusualAndNeverUsedKeyword,-0.14428143477561378,1.0,-1.1119726239878132,1.0,1.0
