topic,sentiment_mean,sentiment_std,subjectivity_mean,subjectivity_std,counting
Adaptation,0.1127793800788709,0.6849246273116586,-0.0031817545305108086,0.8517593527764503,37.0
Hazard,0.03334562890810298,0.8619577266356665,0.10401527781530749,0.8498350123490782,401.0
Impacts,-0.19298577087629928,0.8754668266311689,-0.013568786861699876,0.7895399648870189,66.0
Mitigation,0.014427172687798246,0.7860101137720485,0.00036392585185339796,0.8993086283039224,118.0
