keyword,sentiment_mean,sentiment_std,subjectivity_mean,subjectivity_std,counting
'tsunami damages',-0.3071247084159838,0.8198168635293723,-0.03280257104661584,0.9699752229119692,13.0
'tsunami deaths',-0.07579198775546866,0.6881929961162416,0.05945425307609734,0.7170893655513917,14.0
'tsunami warning system',0.07747803250524699,0.6656829593403034,0.20260838707985723,0.7543583039683985,14.0
'tsunami warning',0.022836686485303893,0.7846984137334713,0.14802079556070816,0.7345525953189884,53.0
'tsunami',0.03710842651169778,0.7984023668640022,0.10424099433200228,0.8253632296518002,162.0
veryUnusualAndNeverUsedKeyword,-0.14428143477561378,1.0,-1.1119726239878132,1.0,1.0
