topic,sentiment_mean,sentiment_std,subjectivity_mean,subjectivity_std,counting
Adaptation,-0.08293439251529343,0.644643320732063,0.3259256912826307,0.6814732567448207,11.0
Hazard,0.04842485779826908,0.8181695307440306,0.09486580058177456,0.8430929506794935,144.0
Impacts,-0.1362882807959407,0.7478994989482153,-0.17923713921006543,0.778956536353958,23.0
Mitigation,0.0017811466053239944,0.784644594810721,0.15381049194209176,0.7408103082151707,52.0
