keyword,sentiment_mean,sentiment_std,subjectivity_mean,subjectivity_std,counting
'tsunami damages',-0.1822821332590474,0.9345559907432377,-0.01770407002393751,0.8114120545503405,33.0
'tsunami deaths',-0.2036894084935512,0.8265618250701002,-0.009433503699462246,0.7796167888768821,33.0
'tsunami warning system',0.1127793800788709,0.6849246273116586,-0.0031817545305108086,0.8517593527764503,37.0
'tsunami warning',0.014427172687798246,0.7860101137720485,0.00036392585185339796,0.8993086283039224,118.0
'tsunami',0.03334562890810298,0.8619577266356665,0.10401527781530749,0.8498350123490782,401.0
veryUnusualAndNeverUsedKeyword,-0.14428143477561378,1.0,-1.1119726239878132,1.0,1.0
