topic,sentiment_mean,sentiment_std,subjectivity_mean,subjectivity_std,counting
Adaptation,-0.7071067811865474,1.0,0.7071067811865476,1.0,1.0
Hazard,0.07793562585937709,0.6288798540063042,0.20991854228124346,0.6649488653692481,47.0
Impacts,-0.5374780896435197,0.48403587409251186,-0.7126019550516806,0.3529622528497555,2.0
Mitigation,0.13854166666666665,0.21655145173838014,0.5072916666666667,0.1546796083845573,2.0
