topic,sentiment_mean,sentiment_std,subjectivity_mean,subjectivity_std,counting
Adaptation,-0.003411155696182602,0.6203543082963325,0.2038778806927471,0.7808596965508912,13.0
Hazard,0.03860777198049209,0.8106034849891244,0.10636823088972168,0.8340648323401214,156.0
Impacts,-0.14586701774603147,0.7222553276203573,-0.09301484620615463,0.7657623115318446,25.0
Mitigation,0.014682760227927825,0.7962415064649497,0.15864131203226112,0.7442623407592958,52.0
