keyword,sentiment_mean,sentiment_std,subjectivity_mean,subjectivity_std,counting
'tsunami deaths',-0.6620024023798268,0.3079319021756377,-0.7255882050259055,0.3345969220118393,2.0
'tsunami warning system',-0.1255170752103306,0.5228410795943623,0.5276775690374912,0.28420503755464255,3.0
'tsunami warning',-0.14334114928440475,0.5116845037818878,0.10249218404892868,0.7096131016319845,3.0
'tsunami',0.05926975201661855,0.6778004032030319,0.1975637851317929,0.6855944279336981,64.0
veryUnusualAndNeverUsedKeyword,0.7803630474836525,1.0,-1.3761145488643718,1.0,1.0
