topic,sentiment_mean,sentiment_std,subjectivity_mean,subjectivity_std,counting
Adaptation,0.07069666872206891,0.6420056006947731,0.20556580773917987,0.7270080855671327,15.0
Hazard,0.04535489474689661,0.8016113694511485,0.09331583346684855,0.8316053505129689,168.0
Impacts,-0.1972051824796869,0.7457822567895469,0.019209220752100846,0.7999266879324657,31.0
Mitigation,0.019462109843307644,0.7865322607438066,0.1582770906324994,0.7377021539355849,54.0
