week,sentiment_mean,sentiment_std,subjectivity_mean,subjectivity_std,counting
2025-41,-0.3505281827419756,0.4521088463480327,-0.1544196597975222,0.7657698273672836,7.0
2025-42,0.16966741049151407,0.40011652928905217,0.13328625752966386,0.6478472373617399,7.0
2025-43,-0.013180119707953013,0.19465309516074675,-0.07706812456345258,0.5465925017694864,8.0
2025-44,0.041390874563875545,0.8298154240006846,0.1749841944915415,0.726536430341784,25.0
2025-45,0.4530171984158571,0.7536416101325342,-0.045781808485479636,0.6803536186341684,8.0
2025-46,0.04409227192693774,0.09771122801424521,0.16607866702420987,0.059757122167911854,2.0
2025-47,-0.40148040735596763,0.4083493938593291,0.2514009714269441,0.7862357924263073,6.0
2025-48,-0.3609021538706286,0.6483380464534336,-0.1731503268581774,0.904968614524963,14.0
2025-49,0.14075074439761118,0.7835206724114114,0.27658935014126035,0.7798204324555136,47.0
