keyword,sentiment_mean,sentiment_std,subjectivity_mean,subjectivity_std,counting
'tsunami damages',-0.2590242656752536,0.7396680714089608,0.033876104677096786,0.8777047167602557,21.0
'tsunami deaths',-0.13458939730123123,0.6782607969875404,0.00501495307734415,0.663523210933432,22.0
'tsunami warning system',0.10775008061738024,0.6961209666816539,0.2832223100494043,0.7944435349241897,22.0
'tsunami warning',0.009417841891339696,0.7932197039064856,0.04087393332085622,0.8149400143973863,71.0
'tsunami',0.04627994100424524,0.8231752336116225,0.11193016025076917,0.8282144627893918,246.0
veryUnusualAndNeverUsedKeyword,-0.14428143477561378,1.0,-1.1119726239878132,1.0,1.0
