week,sentiment_mean,sentiment_std,subjectivity_mean,subjectivity_std,counting
2025-40,-0.10667691207589482,0.7207192479253017,-0.14551447471824544,0.634552113050342,29.0
2025-41,0.12196138839920967,0.7966969200875653,0.23111249347721816,0.7827379544448805,47.0
2025-42,-0.007787089312829727,0.8435394859096218,0.19624864904539632,0.9330744018223366,28.0
2025-43,0.032727764128477624,0.6820329233040608,0.018523745973831593,0.8175934324434831,50.0
2025-44,-0.014614936047378506,0.8027971705457163,0.08084702725856227,0.7755832571239055,115.0
2025-45,0.17305910332498864,0.5047158857236471,0.41548598993624564,0.5188857525574457,10.0
