topic,sentiment_mean,sentiment_std,subjectivity_mean,subjectivity_std,counting
Adaptation,0.10764852735850175,0.683261115729344,0.05510294054685892,0.8392278653868828,28.0
Hazard,0.03737791603696581,0.8619754738494189,0.10092069569059264,0.8541470596848999,345.0
Impacts,-0.19119424875285024,0.8194477170869331,0.00515948794909678,0.7563728502266546,55.0
Mitigation,0.012209230042683098,0.7757751982418697,0.023477140692429007,0.8739842065357227,104.0
