keyword,sentiment_mean,sentiment_std,subjectivity_mean,subjectivity_std,counting
'tsunami damages',-0.1819392782463762,0.9084852602816657,-0.03872115530442894,0.8078001239279632,34.0
'tsunami deaths',-0.2048907795541667,0.8273376057862388,-0.005967925766022793,0.7719842258648468,33.0
'tsunami warning system',0.09894351998177191,0.6786935177188564,-0.012881419949202482,0.8621751998594532,37.0
'tsunami warning',0.021510928936215132,0.7854328207689136,0.009622868497394564,0.9004426340799414,119.0
'tsunami',0.03185540817128559,0.8673938036286594,0.10097751043956008,0.852942228863309,414.0
veryUnusualAndNeverUsedKeyword,-0.19083442367411882,1.0,-1.1005389704356454,1.0,1.0
