keyword,sentiment_mean,sentiment_std,subjectivity_mean,subjectivity_std,counting
'tsunami damages',-0.006878008936606617,0.5767833458758306,-0.29461438067541823,0.6927416656358043,8.0
'tsunami deaths',-0.24888637793597185,0.8011763180775449,-0.17150759018181352,0.7673361003024533,11.0
'tsunami warning system',-0.16140275744074786,0.6779250941874698,0.3160865896582074,0.7750763238783102,9.0
'tsunami warning',-0.029753592898659764,0.7587983164982326,0.1477860077718314,0.7117038789519067,48.0
'tsunami',0.06436481815571622,0.8055164936141569,0.12381139514602797,0.8349048968271156,128.0
veryUnusualAndNeverUsedKeyword,-0.14774030933764049,1.0,-1.1768462730113312,1.0,1.0
