week,sentiment_mean,sentiment_std,subjectivity_mean,subjectivity_std,counting
2025-41,-0.1228721349391279,0.6482359396812477,-0.06582495061144557,0.7262607166676115,7.0
2025-42,0.03570730495049975,0.38945840701399503,0.28614258411250393,0.4908614333308804,7.0
2025-43,-0.13477764650975396,0.3867809128836166,0.004091998054142906,0.46396646356591814,7.0
2025-44,-0.038473178241895056,0.7246959437449668,0.28320974251039066,0.7723628464123425,23.0
2025-45,0.47340714523694094,0.5693124999569453,0.1699768963399048,0.6936348280629776,8.0
2025-46,0.39210903070360187,0.5898812482093295,0.46324217781183163,0.3604955450303463,2.0
2025-47,0.05238095238095238,1.0,0.3238095238095239,1.0,1.0
