topic,sentiment_mean,sentiment_std,subjectivity_mean,subjectivity_std,counting
Adaptation,0.0815519839041092,0.6929114390210055,0.09733188995997046,0.8207677253236011,31.0
Hazard,0.0366883024278837,0.8576611891741599,0.10173104873288859,0.847053927092527,358.0
Impacts,-0.16655307926876792,0.7774798034386665,-0.003143370644978343,0.7522058525832636,57.0
Mitigation,0.010785810676799696,0.7795957898350938,0.03324144545664278,0.874338577823389,105.0
