topic,sentiment_mean,sentiment_std,subjectivity_mean,subjectivity_std,counting
Adaptation,-0.2424281550990557,0.7091505490984055,0.22829596915054318,0.9510701326504453,6.0
Hazard,0.08912864929061541,0.7582773642357941,0.14258037027474008,0.7880621134504912,101.0
Impacts,-0.2628269415660217,0.7637127590027433,-0.20139935482184027,0.6666801640574693,11.0
Mitigation,-0.054303678855639206,0.7869053859500523,0.1302757203377635,0.7946670714010632,45.0
