week,sentiment_mean,sentiment_std,subjectivity_mean,subjectivity_std,counting
2025-41,-0.14135710864651735,0.6564165853703083,-0.052653425881211656,0.7161214662857514,7.0
2025-42,0.03570730495049975,0.38945840701399503,0.28614258411250393,0.4908614333308804,7.0
2025-43,0.034370906617093896,0.40401936709277564,-0.14433866513632612,0.6316586651918653,8.0
2025-44,0.06031441062240817,0.8017860538355572,0.3186510572235456,0.6825021289035814,25.0
2025-45,0.5676610187800833,0.667140582924474,0.1405674050809287,0.6531698273641138,8.0
2025-46,0.37768152374182623,0.5694776721927541,0.3569964641284641,0.21024141579531927,2.0
2025-47,-0.20201604253786232,0.39203222255729814,0.47596615256165015,0.7922377416665712,6.0
2025-48,-0.2684786136818597,0.6302051100826543,-0.14330197526135122,0.8984867461339346,10.0
