keyword,sentiment_mean,sentiment_std,subjectivity_mean,subjectivity_std,counting
'tsunami damages',-0.25483127947810924,0.8331023914679236,-0.013698339468448222,0.8298687706567933,32.0
'tsunami deaths',-0.15424209139395817,0.8188940146393001,-0.03714835987688618,0.7586747087847966,32.0
'tsunami warning system',0.10104121221757853,0.6974760906454677,0.002858236872129512,0.843884500927929,37.0
'tsunami warning',0.03945039248801371,0.7921446083585443,0.02572583488476747,0.8928923547635189,115.0
'tsunami',0.030198365026626078,0.8647525700846938,0.1039510782482917,0.8502858672227763,391.0
veryUnusualAndNeverUsedKeyword,-0.14428143477561378,1.0,-1.1119726239878132,1.0,1.0
