keyword,sentiment_mean,sentiment_std,subjectivity_mean,subjectivity_std,counting
'tsunami damages',-0.1265105832387138,0.8691936344163086,-0.19700211731702985,0.6135405990710852,3.0
'tsunami deaths',-0.7581287073067489,0.2566888545041775,-0.9033306097725122,0.5292141989243139,2.0
'tsunami warning system',-0.5174960481084082,0.7465298081526214,-0.11582983314092614,0.7129787391550177,3.0
'tsunami warning',-0.09113373831962487,0.7275798752487228,0.09745964057770037,0.693730261653573,29.0
'tsunami',0.09892292088713948,0.7142644391339723,0.1940736271882887,0.7612553531874875,86.0
veryUnusualAndNeverUsedKeyword,0.11318454385387548,1.0,-1.1114748187703372,1.0,1.0
