topic,sentiment_mean,sentiment_std,subjectivity_mean,subjectivity_std,counting
Adaptation,0.43206623205386313,0.947978410396114,0.37824680258559223,0.6441305850710489,9.0
Causes,-0.05873082402546798,0.7565579757235283,0.2979222891290741,0.6953191745749683,23.0
Hazard,0.01678920873269068,0.7880079801623787,0.02724932034334159,0.7975309611509049,167.0
Impacts,0.019367367455446805,0.6594657076370012,0.0829554606266997,0.7939660542934127,55.0
Mitigation,-0.09200049225120045,0.7782349749925153,0.2858465691045746,0.7626396008314085,25.0
