topic,sentiment_mean,sentiment_std,subjectivity_mean,subjectivity_std,counting
Adaptation,0.11731588814013798,0.6890702413294326,0.05809620516148184,0.8370402508662649,28.0
Hazard,0.032101319152534495,0.8606811536739681,0.09817392407318484,0.8465352730134293,333.0
Impacts,-0.17210615048431727,0.7964901548128658,0.011725395034085057,0.7807152906107676,53.0
Mitigation,0.01862186844281455,0.7830216343959359,0.03153253508526519,0.8756781848456944,103.0
