keyword,sentiment_mean,sentiment_std,subjectivity_mean,subjectivity_std,counting
'tsunami damages',-0.08110928778633228,0.6206541562638729,-0.1276528020353384,0.541346274689064,5.0
'tsunami deaths',-0.414258319715763,0.8931998828570665,-0.26285481547725853,0.8028135328819952,6.0
'tsunami warning system',-0.2424281550990557,0.7091505490984055,0.22829596915054318,0.9510701326504453,6.0
'tsunami warning',-0.054303678855639206,0.7869053859500523,0.1302757203377635,0.7946670714010632,45.0
'tsunami',0.08912864929061541,0.7582773642357941,0.14258037027474008,0.7880621134504912,101.0
veryUnusualAndNeverUsedKeyword,0.030283946174551688,1.0,-1.0973582582843735,1.0,1.0
