topic,sentiment_mean,sentiment_std,subjectivity_mean,subjectivity_std,counting
Adaptation,0.09679863993233297,0.6696965430786791,0.05128079069505683,0.8236556852875276,28.0
Hazard,0.032029686351368,0.8554177462877844,0.09256461376830812,0.8468600002888085,323.0
Impacts,-0.17596685027850692,0.7846637169483484,0.04275256350586068,0.7714647294843026,50.0
Mitigation,0.027528034769013845,0.7925091105430514,0.0543200847116799,0.867664347660269,99.0
