topic,sentiment_mean,sentiment_std,subjectivity_mean,subjectivity_std,counting
Adaptation,-0.003411155696182602,0.6203543082963325,0.2038778806927471,0.7808596965508912,13.0
Hazard,0.043597226339218684,0.8232897653943123,0.10371866501057542,0.8401959369906373,146.0
Impacts,-0.14251255910078173,0.7175715355494473,-0.10525984526663727,0.7889942608814176,25.0
Mitigation,0.005204852044128845,0.7878780417622033,0.14821962886289977,0.7415618591660402,52.0
