keyword,sentiment_mean,sentiment_std,subjectivity_mean,subjectivity_std,counting
'tsunami damages',-0.23201193788670924,0.8178871438845017,-0.0049153043017626345,0.9277004627766172,27.0
'tsunami deaths',-0.1598824745085789,0.8265268142430457,0.024361021217009296,0.6087878164491217,27.0
'tsunami warning system',0.10888016946041632,0.6823479857736231,0.05731257258003981,0.8373031271920979,28.0
'tsunami warning',0.012185419459137063,0.7774919833724939,0.027860577157192565,0.8790456205244713,103.0
'tsunami',0.038301453395665035,0.8620137907544991,0.09722611647346874,0.8492790768931191,340.0
veryUnusualAndNeverUsedKeyword,-0.14428143477561378,1.0,-1.1119726239878132,1.0,1.0
