topic,sentiment_mean,sentiment_std,subjectivity_mean,subjectivity_std,counting
Adaptation,0.07638324197296675,0.7087462020649465,0.14613920799971514,0.8549058130200817,23.0
Hazard,0.04091041390683594,0.8510969280138837,0.10563376342688555,0.846785330957504,282.0
Impacts,-0.1791481868134844,0.7487085865585368,0.010260370718771946,0.7679012073942366,44.0
Mitigation,0.008159615394097642,0.7770981679635091,0.02476307727791033,0.8239814812454065,91.0
