topic,sentiment_mean,sentiment_std,subjectivity_mean,subjectivity_std,counting
Adaptation,0.09894351998177191,0.6786935177188564,-0.012881419949202482,0.8621751998594532,37.0
Hazard,0.03185540817128559,0.8673938036286594,0.10097751043956008,0.852942228863309,414.0
Impacts,-0.19324374903976554,0.8629479280512874,-0.022588967621333375,0.7845335221709446,67.0
Mitigation,0.021510928936215132,0.7854328207689136,0.009622868497394564,0.9004426340799414,119.0
