keyword,sentiment_mean,sentiment_std,subjectivity_mean,subjectivity_std,counting
'tsunami damages',-0.1714629435342229,0.7055343538254825,-0.22196764295297208,0.7710725167067035,12.0
'tsunami deaths',-0.0979159214450874,0.8245708376190476,-0.13262204421780363,0.8223817730293957,11.0
'tsunami warning system',-0.08293439251529343,0.644643320732063,0.3259256912826307,0.6814732567448207,11.0
'tsunami warning',0.0017811466053239944,0.784644594810721,0.15381049194209176,0.7408103082151707,52.0
'tsunami',0.04842485779826908,0.8181695307440306,0.09486580058177456,0.8430929506794935,144.0
veryUnusualAndNeverUsedKeyword,-0.14428143477561378,1.0,-1.1119726239878132,1.0,1.0
