topic,sentiment_mean,sentiment_std,subjectivity_mean,subjectivity_std,counting
Adaptation,-0.5174960481084082,0.7465298081526214,-0.11582983314092614,0.7129787391550177,3.0
Hazard,0.09892292088713948,0.7142644391339723,0.1940736271882887,0.7612553531874875,86.0
Impacts,-0.3791578328659278,0.7168706406716274,-0.47953351429922275,0.6386727896320299,5.0
Mitigation,-0.09113373831962487,0.7275798752487228,0.09745964057770037,0.693730261653573,29.0
