keyword,sentiment_mean,sentiment_std,subjectivity_mean,subjectivity_std,counting
'tsunami damages',-0.23684659140646905,0.8283465943483124,-0.025420103084701304,0.8985264084856643,27.0
'tsunami deaths',-0.14717234690828923,0.8234989159727889,0.03464695073168778,0.6040820187889444,28.0
'tsunami warning system',0.10764852735850175,0.683261115729344,0.05510294054685892,0.8392278653868828,28.0
'tsunami warning',0.012209230042683098,0.7757751982418697,0.023477140692429007,0.8739842065357227,104.0
'tsunami',0.03737791603696581,0.8619754738494189,0.10092069569059264,0.8541470596848999,345.0
veryUnusualAndNeverUsedKeyword,-0.14428143477561378,1.0,-1.1119726239878132,1.0,1.0
