topic,sentiment_mean,sentiment_std,subjectivity_mean,subjectivity_std,counting
Adaptation,0.10775008061738024,0.6961209666816539,0.2832223100494043,0.7944435349241897,22.0
Hazard,0.04627994100424524,0.8231752336116225,0.11193016025076917,0.8282144627893918,246.0
Impacts,-0.1953599144141259,0.7032125664055049,0.019109934091176832,0.7662802082805463,43.0
Mitigation,0.009417841891339696,0.7932197039064856,0.04087393332085622,0.8149400143973863,71.0
