topic,sentiment_mean,sentiment_std,subjectivity_mean,subjectivity_std,counting
Adaptation,-0.7071067811865474,1.0,0.7071067811865476,1.0,1.0
Hazard,0.07620018354585129,0.6248268759841595,0.21032975034842774,0.6581241316240506,50.0
Impacts,-0.5973049944039637,0.3994278539854885,-0.7716885415817243,0.26940120082463626,2.0
Mitigation,0.13854166666666665,0.21655145173838014,0.5072916666666667,0.1546796083845573,2.0
