keyword,sentiment_mean,sentiment_std,subjectivity_mean,subjectivity_std,counting
'tsunami damages',-0.26360817410263776,0.7954592797258709,-0.01114676624628108,0.9250568850545873,22.0
'tsunami deaths',-0.09468819952433102,0.7071922090226752,0.03166750768382495,0.5922277807749893,22.0
'tsunami warning system',0.07638324197296675,0.7087462020649465,0.14613920799971514,0.8549058130200817,23.0
'tsunami warning',0.008159615394097642,0.7770981679635091,0.02476307727791033,0.8239814812454065,91.0
'tsunami',0.04091041390683594,0.8510969280138837,0.10563376342688555,0.846785330957504,282.0
veryUnusualAndNeverUsedKeyword,-0.14428143477561378,1.0,-1.1119726239878132,1.0,1.0
