week,sentiment_mean,sentiment_std,subjectivity_mean,subjectivity_std,counting
2025-41,-0.10577873357900106,0.643892453017575,-0.04894306874571879,0.7135465763426017,7.0
2025-42,0.03570730495049975,0.38945840701399503,0.28614258411250393,0.4908614333308804,7.0
2025-43,-0.11894727546699489,0.40095444514000533,0.019504052573100394,0.4552425193203928,7.0
2025-44,-0.017170626929757807,0.7082878923591875,0.2994671466207147,0.760209519802984,23.0
2025-45,0.48450626703792155,0.5861851817682563,0.18474854297241572,0.6763967474140288,8.0
