topic,sentiment_mean,sentiment_std,subjectivity_mean,subjectivity_std,counting
Adaptation,-0.32876623815876643,0.7325062369134543,0.2270393552405571,0.9503036883945065,6.0
Hazard,0.08771597862635194,0.7882258597944954,0.11608462842910085,0.8133949218178603,114.0
Impacts,-0.1836283319305468,0.7552301363660205,-0.19669901686936503,0.7154547317177072,11.0
Mitigation,-0.0663783721333293,0.7494615519999628,0.16911076402847544,0.7586732662164486,48.0
