topic,sentiment_mean,sentiment_std,subjectivity_mean,subjectivity_std,counting
Adaptation,0.07452233113570693,0.6635263589431812,0.20443389232760817,0.7502286140533498,14.0
Hazard,0.03344123133967943,0.8108203295448231,0.10537177046708227,0.8377962259793179,156.0
Impacts,-0.14592607850205325,0.7076628707495154,-0.07097248365643406,0.7586624746672241,26.0
Mitigation,0.015411815318278298,0.7877114771403922,0.1665685661892175,0.7404888836409077,53.0
