topic,sentiment_mean,sentiment_std,subjectivity_mean,subjectivity_std,counting
Adaptation,0.0670293058731816,0.7106376620562758,0.1410479619423464,0.8470531050819975,23.0
Hazard,0.03855829880931659,0.8618843341975497,0.09193586776908805,0.8534253528028418,299.0
Impacts,-0.16880194222667091,0.7520737870481009,0.015966215230120474,0.7672072209310943,47.0
Mitigation,0.010419677801309554,0.786823154570693,0.03431337416175463,0.8472036037836845,96.0
