keyword,sentiment_mean,sentiment_std,subjectivity_mean,subjectivity_std,counting
'tsunami damages',-0.23255560577098022,0.7976384075550123,0.018667359595313782,0.9091264790069923,25.0
'tsunami deaths',-0.09635459728995578,0.7081753078928321,0.012896732996946254,0.5871345150773646,22.0
'tsunami warning system',0.0670293058731816,0.7106376620562758,0.1410479619423464,0.8470531050819975,23.0
'tsunami warning',0.010419677801309554,0.786823154570693,0.03431337416175463,0.8472036037836845,96.0
'tsunami',0.03855829880931659,0.8618843341975497,0.09193586776908805,0.8534253528028418,299.0
veryUnusualAndNeverUsedKeyword,-0.14428143477561378,1.0,-1.1119726239878132,1.0,1.0
